AAAACGTAATTACCGTGTGTGAGTTGAATCAAACTACTTTTTTCGATGGTCTTCGAATTGTCGTACAAGATGTGCCATATATAGCCAGTCCTTATAGCTTTGGAATTTAATAAAGTTTATTGTAACATTTGTATAGGACCAGCGTAGACG,0.35
GAATAGTTAAATAGATCGATATCAAGACACCTGCTCCTTGTATTAGTCTAACACATTCTTGGGAAGAATTAGACGATGGAACAAGTATATTGAGTCTTACCAAGTAGCATGGCGACCAATATATTATTCTTATGCAAGGATATACTCTTG,0.35
GAATAATATAACAGTTTAACAACAATGTCGATAGACCGAGATACTAGAGAGAAGTCTAAGCTATTCTGAATATTCACAGAGTAAAGTGCGTGCATCAGCATAATCAAATCATAGATCGTGACAACACGTTTTATTCCGAGATCATGAATT,0.35
TATTCTAAGAGTTAATAATTAACGTTTCAACCATTTTCCTTTTACACGACGAAATATTGGTCTAATACATCCTCAAATATCATCTAGTCGGGAGATACCACCGGCTAACCACTTTATATTTAGGACTTAAAGTCATGCACCCGAACCTAC,0.36
CCTTTATCGTATTACCTTAATTGAATGGGGTCGACAGAGTCTCGATTTTATTTTAAAATATAATTCTAATTTGTTACAAGATTGACTTTCGACAGATTACGGTGGGGGTGGTCATATAGAGACTCCTCTGATAATTTTGTGGCAACTCTC,0.36
GAATTTTATGTTCTATTGCACGAAAGAGTACTGTAAATGCATACTTGTTAAGCGATTCACACGTCTGTATACACTATGCAATGAAATACTTTACCCGTATAGATGCTGTAGGGAATAGATGAATATCTCTAGTCTAGTTTGATTAGCGGC,0.36
GATTCAGAAAAGAAGATGCGCAAATCCTTCTAAAGGACTACATAGCGTTTAAAGGCTTCCAGGGATTTGATAGTTTAGATTATAGGGTTCTGAGTAGTTTCAGGCTATTCAAGTCGCCAATTTATTCTAACAGTCGCAATAGAGTAATTC,0.37
TTAGTTCGAGTGATTGTCTATATACCGTCGCTCGGGATTCTATGCACTTATATACCGGAATGTTGAACCTATCTATTCCTATTGTTAGACCGAGGAGCCTATGTTTCCGTTATTATTCGATTAAGTTCATCAACTTAACATGTCTAGTAT,0.37
AGAAGTAGTTTGATAAGAACGGAACTTATTGCACTGTATTTTTAGCTTTAGACCCCGACAAGGTTGGAGACACATTTATACACTTCCCCCCAACGTATAAAATCTGACATTACAGTTCGTATTGGATCATCATATACTGAAGCAAGAAAC,0.37
CGAGGGCGGCTACCGACCTGACATGCTCCTTGCCGGAAATATGAATATGAGTGAAACATCAACGTTACAAAGGAGTGCATGCTTAAATCGTTAATGAATTGCATAGGATAATAACCTATTATCTTTTTTCAATCTCCATAATATTAAGCT,0.38
ACCAAAATAAGAGTGTTAATTTTACTGATAACTGTGAAGCCCAATACTCTAAGTCGTTTAGCACCCACTAGGTGCGCGAAGTAGGAATAACTATATAATAGTATTTCATATCCTATATGGTGCGGTCTCTCATCACCATGAGTCAAAAGC,0.38
TTGTACTGACTAAAACAATCTAAACAAACAGAAGCGATGCCTTAGTTATATGATCCATAAGGATATACCAAGATGACTAACGATCGTGATAGTTCAACATTTCGCCTATCGATATCTAGGAAACAAAACGCGGGGACCTTATCGATTAGC,0.38
GAAACAAGACGATGCCACTCATAAATGTACGAAAGCTAATTATAAAGACGCCGTATAATACTAAGCGCGAGACCAAATTTATCATCTAAGGCATTGAATGGATTTGGACGATGCTGTATAGCCGAGTTAGGTGGTGGTAAAGCGTTTTTA,0.39
CCTAAATATCGGACTAAGAGATCCTAAGTAGGTTGCACTTGCCTTGAAACATGTTTTGTCTCGAATAATAAGCTTTATACGTTTTACTAAGCGGTTAGTAATGCCCAAGGAAAGAGCAAACGTAGGAATTGAAAGCAGAGATTTTGGTGC,0.39
AGTACGCTTAATGTGGATTCAAACAGATCTTATAGTGTCTTATTCAAGTTGTCCCCCAGGTTGGTCAAAATTACGTGTGTTCGTTAAGTCATATGCTAGGAATCGCTAACCTGAGAGTCTTAGTAACGATTTGTTCATAACAATGGTTGG,0.39
CGGTTTGGTAATAAGAAATCCTTCTCTTAGTGCTAGCGAAGATAAATTCCCAAACGTACTCTATAACAATACTCTTAGGAAAATTCAGTCGAGGCCGTACGTAAGATTTCGGCTAATGCTATGCCTAAGATCCGGTTCAGTGACTATTAG,0.4
GACAAAAAATGTGCATTGACTGGTTATTGAGTGATGGACAGCACATTATACACAGGTTAATGCCCTTCGGTTTCTTTGGTATGCCAGGATGCACTTAGTTGCACATTTAGATGTCTTAATTTTCCGAATCTCTTGAGGCGTAAACTGTAC,0.4
GTCAGAAGGGTAATCTGATGCGCCGAACATATATATAAGTACACGAGACATAAATATTTCAAGCTATTAGTCTCCCCTAACACCATAAATCCTCCAACTGAGGTCAGGGGAATGCAATCAGCGCATACAAAATAGATGCGAAATAATAGG,0.4
GTACCAGCCTATTAACAGTCTATATACGACAATACTTAACGTCGTTTAATGTATGAATTGCTGCTTCAACTACAGGGAAGAGACGCTAGGTAATAGCCACGGGGTAGATGGTGAGTCTTTAATTATGCTTTAGCTTTCAAAGTCCAGTGG,0.41
GTGGAAGCAGTATTCACCGACCACCTTGTCATTTCAGGAATTGTTTTATCGCTTCGTGACTATACTCAAGATTCAATTTGTAAGAACGGCGCTGTACCGGCTGCAGTATATAGTAATAAGCAACAAATTACTTTATCGAGGATCTACGGA,0.41
AGCAATCGATACAGTCAAGGTTAACTTTTTAATTGGCGCTTTATTAGAAGTCCGGCAATTGTCTCAGCCAATCTTAGGAGTAAAGATATCGTCCCAATTACCCTCACATGCTCTACGCAGTCCATACTTGATACAAGGTTCCCATCAGTT,0.41
TCAGTCATGTCTTGAGCTGCCTTTGTCTAATTCAGTGGGATCGTTACTCCAATATCAGTCGACCCTGATATAACTAAAGTGCAGACATCCATTCTACTGACTAGATTGCTCCATTGATTGAATACTCATGCTTGTTATCGCACCTCCGTT,0.42
ACTTTACAGTTGTGCTTGTAGGCACACTTAGGAAGCAACTTGCAATTTACTCTCCTAACTTCCTACCAAGGGATTATAAAATGTAGACAGACAGTGCATATGATTTAGCTTGGTCCTGGACTGAGTATACAATGATTGGGTGGCCCTTCG,0.42
GATTATTTTATAGTGAAAAATCTAGCGTTGCGCTCCTAGATAACTCGTTTTCTCCTATCTGAACACGTGAGCATCTCTCCATTCTACTTCTTCTGTTTGGCCATGTCGTGCGACGTGAGTTATTTAAGCGACCAAGGTGGCGTGATTTAA,0.42
AACGTGAACGTATTGAAGCTAGAGATCATGACTGTAGTGTAACAACGAGTCCTAATGATCTCCCCATACAGAACGCCGGGACGCCGTATGAAGGTAAAGTACTCAAATAGGATATTTTATCATGCGGCGGGCTGCAAATCAATATCTATA,0.43
GTGAGTTTTAAACCCCTCTGGTTACCTGACTGGTGGCTAAAATAGCGCAGAGGATGGGCTAGCCGGATTATCATAATAGAGATTCCAGTTTTTAGTGCAAACGTAAAGATCCACTCTTAAATTACGGCGGTCGATAAGAATGGGACGTAA,0.43
TTGCCCCTTATGGTACGGTAAGGCATAGCGCTTATGAGGAACCCGTTCTACACTTCATTTGCTATATATATTAGACTCCAACGGGTAGTTAATGACTATTGATTGACACAGTATTCGGAAGGGGCCGCATAGGCTATCACATAGTCTTGA,0.43
CCCTGCAATTCGGGTTGTTGGACACAATATTATACTTGAGAGGACATTTACTGTGATGGTTCGAGCAGGAACGATGATGTTAGCATTCTAGCACTGAGTTGCAAGTATTACGTGAACATGTCTGCGATTCATTAGGACGTCGGCGGTATT,0.44
CGTGTCGTGCTAGTTTGCACATTTATTTAAACCACCGATATGCAAGGCAAAGATCCCGACCGACGTAATAGGCTCAGTATCTTCGTGCCAAAAATACTGATCGATAGAAAAGGAGCAAACGGCGTGTCCTAAACCAGTTTTATTTTGCGC,0.44
ATATTCACCGCAGGATGTGTGGTTAATTTCAAGTTTGGTGTGATAGCCCAAATTTAATCGACCGCACTCATTGAAGCGCCAGACGTAGTTCTTGACAGACAACGCCGCTAATTCTTAACTATGATTCCGCCAGGAACGCTATATGTCCAA,0.44
CTGCGTGGCGTATGAGGACGAGTCGACCCAATCTCAATCCGATTATATGTGGTCTGAAAGAACCGGTAGTTATGCTAATTGACACTAAGGGTGCGCTTACCGTATGGCCGTCTAGTTATAATTACAGACTAAACGAATGCGTTACGAACT,0.45
GTTGTGTCTGGAATTTCAATCATGATATGTGCAATTTACCTAACGAAGCAGACTAAGCAAGGTGGTCCATTCCTGACCTCTAGGGGAATTTAATCTACGGAGTCGGGAGTCCGGACTATTCGGTGTTATCAAACCTGAATGTGCCCATTG,0.45
GATCCAGATCACCGGGGTTGATCAAGTACATGAACTAGAACACAACTCGGCCTGACCTAACTTTGATCATTGTACAAATGACAGGACACATACACGCGGAGTGCTGACACTCCATTTTGTTGGGTACATAAGAGTGCAGGTTCGATTGAA,0.45
AGAACACACGTATTATCCTTTCTGTGGAGATCAGTACACAGAAATGTTAAAGCCAGCGTTGCATGTTACCACTTGAGTTGGGTCACCCTTCGTGCCCGGACGAAGCACAAATTTGTGATGCAGCTGGCACGATATTACTAGCGTGAGTAT,0.46
GACAGCGGTCCGAGATTATCTACTCGCCGTACATGCACCCAGTCGATGTTACTTAGGATTTTGTCGGCCTTATCGTTATACCAGTCTCCCCCAGCTTCAGCAGATATTGAATGTTTAACGAAGCTTTAGAGTGAATGGTGTGTATTGGAG,0.46
GAAGTGAATGATCTGCACCTTACGGTTACGACTAAGTGTGTAGAGGTAACACGGCTATTTTTCTACACACCTCGAAGGCAGGCGGACAATCGGTTTTATGTAACCCTACGGTATGTTGAAACACACGTGTCCCTATTGGTCTTTGCTCGT,0.46
TACGAACACGTAGAGCAGCTCTGCCCCATGTGTTACTAGGCGGGTTTGATCATGTTCAGTATGGCCGGAAACCGGTACGCAACAAACAGTCTGAATTGAATGCGCCTACGGCGGAAATAGATATCAACTTTAACATGATTGCCTATTACC,0.47
GTAGACCTTCAAATATACTTACAAAACAGTGACATCGGTAGAGAGTCATGTGTGGAGGCAGAGGTACACTAGCCCGGGAGTAAGCCAGTAAAGTTAATAGAGTCAAGCGGTAATAGGCCTGCGAATGACACGGGTCTGAGCAAAGTTGGG,0.47
CCTTCCACCAGCGCATTATAATCCCTGGTGCATTAACACTGAGCACAGATGGCCAACCAGTAGAGGAATGGCCTCGATGATGGCAACATATTCGAGATACTTGCGTATAATATCACGACACTGCCTGAATGAACATACTCTGTCAGAGAC,0.47
GGAAAGTGATGTAGGCTGGCATACTATTCTTGTGGGGGGGTCCACGATGAGGAGCGGATGAGCTAATAGCCCGTAGAATGTATCGCGAGTTCGCAGGGGCGACTAGCATATACTTAACGGTACTTTTCTGTTATTGCCTTTGATGTAGTA,0.48
CTGTATTGGTTAGGTCCAGGGGTATGATCGTTATAGACTTTTACACCTTTTTTTAAGCCCGTTGGTAGTAAGTTTACGATGTGCGCCACGACCATGCGCACTTCACGGAATGTAACAACTGCCGACCACGAAACGCCGATGTCCACTCTG,0.48
TTCTTAAACCTCATCGCGGGGCATTACTAAAATAAGTTGCCGCCGTACGAGGAGAGTCGATACAGTAATGACCAGCGGTTTGTCTAGGCAGGGTTGAGTTACACTCCATGAACCAGGTTGATGTTTCAAAGATCGGCTAGTAGTCGGTCG,0.48
CCGGTAACCACGCAGAGCCTTTAGTGTCCATGAAGTGTGGCTGCCTATTGCTGAGAGGATATGATGCTGTGCTGGACAATTCTATCGGCATGAGTCAGGCTGTAATCCAGCCGTTCGAATGCATTTAATTGCTCCCCACCATAATGAACT,0.49
CCCAGAGCACGATGACATGAATATGAACAGGCCCCGAACCTTAACACTATCTAATTCCTGGAGGGAATTATAAGGGTTTCCGCTACGCCCTCTGAGCGGTCATCGGGTCCTTCGGATTAGAGCTCACGACGCTCAGTTGAAAGCTTTAAT,0.49
ATTACCCATTCTTCTTTTCCCCGAAGAATGCCTTCATTGAAGGGCCAGGGAACGTGGATTGACACCAAAGTTAGGGACTCCGTTTGTTTGTTGGGGCTCACCTCGGCTAGATGTGTAGTCCGCGGTGGCAACAACAAGTAAACGCTCTAA,0.49
AAAGAGACATACGGGTGCCCTTCACGTTAGGACTCGGGGGAACGGCGCTGCGTGTGTTAATCGTAGGAACTGCGACGATATATCCACCCAACACGACTTGCGACTCAGAAAAGCTTTAACACATCCAGATTTTGACTTCATGCTGGCGAA,0.5
AGAAACTCTGGCTGAGGGGGGGTCCTGGTGACCATTAGGATCTAAGAGTGGTCCAGGATGCAACGACAGCGTCTGCTCATTACGACTCATCATCTTTTCGCTGATCGCCCCCAATGCAGGTGATTCTTCATATGTTTACCAAGCAAGAGA,0.5
CACACGGGTACGATGCCGCGAGACAGTAAATACGGTGCTACTTTCAGGACACGACTCGCGGTCATCCGAGTGCCGTATGTTTCTCATCCGAACGGTGCGGTTATGATTGGGACGTTAGTTTTTCTCGAGTACTTTGTTTTCTGTAGACAC,0.5
AATAATACACGCGCCCTAAACTGCCTTCATATAGACTCCCCCCAGGACCAGGGACGAAGATCGGTCTTAAAAATTCACGCCCGGATAAGAGTTGACTCGGTGCCCTGAATCTTCTGGGAATCCTTCTAGCCAAGGCGTGACATGTAGCGT,0.51
GTCTCCGAAGAATGAAACTCTGCGAGGACGATCGCATGCCCTAGATATACTCAGTGCGGGCGCATACTAAGGTCCACCTCACCCCGCCAGAACTAGACGCCTTTCAATGTAAGATCCCCACTGGAAGTACGGCCAGTCTAATCCTTATAT,0.51
ATACCCGCCAGTTGGATCCACGGAAAGAAACAGGCAGGAGGCCCTCGAAATATGAGTCAGATTTCGTCGAACTACAACCCTCGAAAGGACCAAAATGGAACATGATCCTGGGCGCCGTGGTACTTTCCTGATGGTGGCTAAACTCGAAGA,0.51
GCGAGGCAGCTCTCTTCTATAGCTACATGATGGGCTAAAGACTCTCTCACAGAACCTTCTAACATACAGTCCCTGCAAGGTGCAAAACGCCAGTGGCTAGGGAGAGATCGTACTACCGTTGCTAGACCGCACAGAAGAGGCGTAGAAGGG,0.52
GAAAAGCCACACTATGAAGTCAACAGCAGACGAGTAACGTTTCAGACCGACATTTCTGGTGCTCTGTGGATGGGTCCATACCCTGCTGGTGCTGTAGACCACCCTATATGCGAGGCGATGGGCTAGCCGAATTGCCCTAACTTGACTAGC,0.52
GGCCCGATACATAGCTTGTGAGTACTTTGGTGCGTGCTGGTTAGCCAAATCCTCTTAGGTCCGAAGTAGCTCCCCCGCGACAGTAAAGGACGGTTGGCTGCCGAACAATGAACCTATTACAGCATTGCTAACACGGCTATAACAGGCCTG,0.52
TTAACGCATGTACAGCCAATGGAAAGTGTGAGGCGTATACCTATGATTTGGCAAGATTGGGTATTGGCGCGATCGAATGAGGGGATCGCCCCGCTCACGGCGTATCGTCGACCGATCTCCCGCTGCGTTTAGCTAGCTGTTAGAAGGCAG,0.53
ACACTCGCACGCCTAAGCTACTTCGCCTTGTGCGATAAGACCCGGATCGGACCTATTAGGGAAGGCACACGTAGGTATGTCCGTTTTGCCTCGCGATTGAGTGTATAATGAGCGATCGTTTATTACTTTTATGGCGCTGGCTCCGCGCCC,0.53
GCATTGATAGTCGCGCTCTGACTTGAGCTAGACTTTGCTAAGGTAGCCAGGTGCCGGCGAGCAGGGTGTATTAATGTTCTACCGAGTAGTGTGCGTCCGCGACCGAATTGCGACTGTGGAGCGCTGATAGTAGGGGGGAACTATAATCCT,0.53
CCTGCGACACGGATCTTAGCGATAGCAGGTCGTCCGCGCAACGTAGAGATTGGCAATGCTGGTAAAAGATTGACACTATCTCGGTAAGAATTCCCGCAGACCCCGTTGACCATATATGCGTGGCCGTCCCCACCCAATTAACGCACACCC,0.54
ATTACGCGGACCACACGCTCTAGTCAAGCGGGACTCGAAGAACCTCAAGCCTGACCGAATCGCAAAAGACGGCGTTATCGAGTCCAGCACGGCGTTTCCTTACTCTCGGGAATTCACCGTGGTTATTGATGGAAGGGGTCCCCAAGTCTA,0.54
CTCTGCATCGTACTGTCGTATCGTATGGTCTGAATGCTGGCTGTGATATGATAATGTTCCGCGGCAAACTTCGTAAGAGCAGGTATGGGCAGCTCTAACGAGGGCGCCATCTGCGGCCCCACCTAGGATTCATGTAGACTTACCCGCCGG,0.54
CACTAACCGTTTCAAGGTTGGTCGTCCAGCCCTGGAATTAGTCAAGACATGTCGCCTGAGGTGTAACCTGTGAGGGGATGAGGGATTATGTGCTGCCTCATGATCCAACGCCACAACGCGAAAGCAACCGAGGTGCGCTCTAGGGGGGTT,0.55
ATTGTAGATGCCATACAACTACCTCATTCGCAGGACATAGGCTAGCAGCTGCGGATTACCGACATCGCGATGTGGCCAGGGGCATAATTATTGCGCTCATGCCCAGTGGTGCGTCGCCGTAGCCAGTCCTACTCCGTGCATGCGGCCAAT,0.55
TTGTATTTAACCGGTATGTATCATGCCGATCTATGCATTGTCGCACCGAAGTAGGTTGTCAAGCTGCCCGCAGAACTTTATGCTTGGCGGCGCGAGCGACAGATCGAACATAGGGGAAGCTGGCAGGTCGGGTTCCCACAGAGACCGGCG,0.55
GGATACCGTCTCGCAAGGTCAGAGATTCGGATTACAGTTGCTCTTCAACCGGGTTGAGAGTAACCGCGAGCCCTCCGTGGATCCACCGCTCGACTGAATGATGCACATTCTCTGCGTGCTAGGTCAGGTGGGGGACTTTGAGCTCATCCC,0.56
CAAATGTCATGCAGAGGCGCCCGAGTACGTCCTCTGCCTCACAATACTTAGACATTGAGGCTGAGTACGTTCTGTCTACGGATGGTGTTGTCGGCAGCAAGAAAGTCGATGCATCCCTGCAGCTGGCCGGTCGTCCCCTAGGGCCTCTAG,0.56
CTCCGACTACAGACATGTGCGCCAGACCCAAAACGGCGCTCCCTTTGCACCATGATTGCCCGCGCCATGGTCAATACCCAATTTATGGGATAGTTAATCGGGGCGATGTACAGAGCCCTACGGTGTGGTAGCTACACCGTTGCAGCGCCA,0.56
TCCTGCCGCAGCTACCGCGAACAGCACTTCAACATCCGCTCGTATGTTCCCCGTCCCCCTAAGCATTCCTAGGGGCCCCAATGTACTGATGATACGGCTTGATTGGACGGGAAAGGTTTCCCCGCTCCTGTCGGTTACTCCCGTGATGTA,0.57
CAGCGCTCCCCCGTTATTGGCACTGAGCTGTTAACCTTCATAGCCCAAATTGCGTCCCACGGTGCTGCCCAGCGATAAGATGACCGTCTGCGGTGTGGCTTACCTAGTTCCGACCCCGCTCTTCAACCCATGGCTTAGTCTCGCGACTGT,0.57
TTTAACGCAACCGCACGACCCCGATATTGCCAATGCGCATTAGCAAACGCGCACCTTAAGAAGAGCAGGGCTCGCCAGTCTTCCTGACCCACCGCTGGTAAGTTCGGGCGATCAAACCCACAGCCGTCTACATGAGCCGTGCCGCGGTTA,0.57
GGTCACGTTCCGCAGTATGACATGGCGTCGGTTTGGCAGCTGCCTCACATGCCTTCTAGCATATGGCTTCAGACGGCGTCTTGGAGGACTGGTGTGTTCACTCACCTCTTATAGTGCCGCAGGACGATGAGGACCGAGCCGCTCGAGGGT,0.58
CCCCGTGGGAACTTCTGACTCCGTCGTTCTACATTGCCTCTAGGCACCAGTACATTGGTCGGGGGGGTATGCCGAGAGGGAAAGACACCGTTCGCCGCTATAGAGTGACTTCAGTTGATTCCCCCACAGCACAGGGCATGAGGTCCGGGT,0.58
TGTCTCGAAACCGCGGAGTTGAACACTTTGGCTGGGTGGAGCCCCGCGAGGGGCCCTTTCTCGGCCGCCCCGTGGGATCAATAGCTGGTGGGCAAGTGCTGTAACGTAAATCCGTATAGACCTTATTCATGCCCCAGCTCAGGGACGTTT,0.58
GACGGAGCATAGAGGGCTGATGCGAGAGGTTCTCTGCGACCCTGATCAGCCGAAGCAACCTCCACACCAACAATCGCTCACGGCCTGAGGAGCAGAGCGCTACTTTCCAGCCCACGCTAAGGGCCACGTATTTGACCATGCCGTGCACAT,0.59
ACGACGGCAGATTGGTGGGGACCATATGCGCGACGATCTTTGAGCCTGAAGATCTGAGGGGCGATGAGAGCCACTTGCCTCGGGCACGCATGCCTCCTCTACGTGCAGACGACATTGGTAAGGTCTTACTCATAGCGCCCGGGGCTCACT,0.59
AGCACGCTGGATAGGCCGGTGAGATACACGGGGGAGATGGGCTGCGGCAGTCACGCTTTGGGCAGGCTAAACTCACTGCGATCGGGCGGAGTAAACGGTAGCCCTATTGAGGCAGTGCGGATAAGCTCCAATCGTTGGTATACCTCCACC,0.59
CCCCATCAATAACCAAACTTGAGGCCGAGATATGCGACCCGCGGGGAACGAACGAAAGGTCAGGGCCTCCTAGCCGATCACCAGGTTAAGGGCCGGTGGAGTTACCAGACACAGGCCCCGGCGATTTCACTCGCGCTCATCATCGGCAGC,0.6
ACTGCCCCAGAATCTCCTATACGCGGCTGATTCTCAAGAATCCAAGGCCATTCCATGGATCCATATGACCCTGAGCCCGGCCCAGACTGCACCCAGCAGAGGGAGTGCCGGCCTTCCCGGGCCACACCACTATACTGATGCCCACAGCCG,0.6
AGCAACCCGACGTATGGCGCACCCCTGCACTGAGAAGGGATGACCTGGTCCATGCTTTCTTACGCGCGCCTGCGCTGGCTTTAGTTAGGGCGCGATTTTCCGAACCGATCAATTTCGGCGCGCTGGAGAATCGGCAAATCGGCCCTGGGC,0.6
CGGGTGTTAATACGCTACTCCCGGGTCATTGCCTCTGGGGCCAACACAGTCCAAGACCTGGGGACGATGGGATCGCGAGACTGTGCCCGTCCCTTTCCCCGAACCCACCCTGCCCTGGATGACATAAGCGTGCCAGGAATACCCGCCAAC,0.61
TTCCAGAGGTTTGAGGGGCGACGGAGTCACGCCGCCACCATCGTAGGGCCAAAAGATCTTCAGACCTGGCGGACCGCATGCTGATGTCTGCGAGGGGGCCCACTACTCGGATATCAAACGGGCCAGAGCATGCGCACCTAGGAGTGGTGG,0.61
GATGCGAGATAGTTGCCGTCGATTGTAACGTATGAATTCCCCAGGGCCTCCTACTCCGCGACCTAGCGCGCGCGATTCACTATGTGGTTGCCCCCTTGTGCAAATGGCCTAGCGGTACTCCTACGGCGGCAGCGGGGCGCGCCGTTCCTT,0.61
TCACAGCCCGGGCTATGACTAGGACCGGTCACGCCGCGGCACGCCGCGTTGAAGCTCTTGGAGAGAACCACGCCTTAGGGCCGCCGACCACCGTCTGACAGACCGGTTGCGGCTCTGTCCGAAGATGAGTCGAGGGTATATAGCCGTATA,0.62
ATTAGCGAAGGGCCATCGAAGGTCAGGTAGGGACACGGCCCGGGCGTCCCAACACCTTGAGGCCTTCGATCTGGAAGCAGGCCGCAATCCAACAGCCGCGCTCAGGCACCAAAACACTTACGGCCTGGTCGAGACCCAACGGACTCTCGG,0.62
CGGTTCACGGCGAAACTAGGGAACGAGGTGCCGACTCAACGCCGTGTAAGCGCTCGGACCTACGACGTTCGGCCGAGATGCCGCAATCTAAGTCGCTCTCCCCACCAGGCGTTTCGAGCCGCGACCGCTCAGTGGCTATTCCTCGAGTGA,0.62
GATTCGAGCCTCGACCGTGCCTGTTCCCCGATACCATCGTGTGGCCACCGACAGCATAGCGGGCTACTCCAGATCTCCCGCGTGCGGCCCCCCGCTGTATGTGACCTTCGACAACTAAGCGAAGGAGGATGCTGAGCCTAGACGCGCGGA,0.63
CGGCCTGCGAGTAAGGCACAATGGGTCCCCCCCTCGGCGGAGCTTCCTGGTTCCTCGCACCGCTCACTCCCTCCTGCTGTTCCTACAGGGCTGCCCGTAGGAACGCATGACACCGGGTCGACTGTAGCGCTTAAACTTCCGCCTCCTATC,0.63
CGGGGTAGCGCACCACCGCCGCTAACCGAGGCAAACGCAACCGATGGTCGAAGCGTAACGCCCGGGCTGTAGCGCGGCACTAGGGGAAACTTAGGCCGCTTCGTAACGCCAAGAGGCAATATCACGTCGCGGGTAGGATTCTCTCGAGGG,0.63
GTTAACCGCCCTGTAGCCCCCCTAGTCACACTTGATCTGGCAGCAACGGCACGTAGCCCCCCTGCGGGCAGGTTGCCAGCGCCGGCGCCATGAACAATGCCCAATTAGGCAGTTTGCCCACCCGCCGGTCGCCGCTCTGAGAGATGTTCC,0.64
CCCCGCCGCTTCTGTAGCGGCGGAAGCCGTCGACAGCGATACTCCACAAGTGTGACCGTCGGTGCCGGTGTAGGGCGACGCCAAACCTGTACGGGCGCCTCTGCGACCTAAGCCCTCTCTGCCCAGCAAGCGACGACCCAACCTAATGAT,0.64
ACGGCTTCGCGCATTTCCCAGGGGCTATGAGTGCGGCCGGGATACCGGACGCGGTAATGCGCGAGAGTTGAGGCAGCACCCCGCCCGGGCTAGGTGCCCCAAGCGGTGCTAGCGTTGTCCGCTACGATGTCGTATGGCCACAAACCTGAA,0.64
ACGCGCGGACGCCCCGCCTGAGTCCAGTCACCCCGATGGTCCCGCACCTGGATGCAGGTCAGCGCGGAACGGATATAGCCATGCCGTCGGTTCTTGGGATTCGCCTTCCATTTGCCGTCGTGGGGGCAAGAAGCCCCTCTGCAGGGAGAT,0.65
GCGTCCCAGAGAGTGGTTTGGCCTGCCGCAAGGAAAGGTTCCGCCGCTCAGCTGCGGCGCTTGGCGAACAGCAGGCATCTCGCGGATCCCCCTGCGGATGAGATCCCCAGGAACATACCGCTGAGTGATACCGCCCGTAGTCGCACCCGT,0.65
GAGGCCCAGTAGCTGCACCGTGTACAGCTGTGTCGGGTGGACTCTGGAGAGAACAAATCGGCGCCGCCCGGGTGGGGATGGCCGACCCAAAGCGGGCGGCTGCTTTCCAGGACACGCGCAATATCTTTAGCCCTGTTGCCGCCAGCCTCC,0.65
